Row Labels,Average of Poverty Rate
2013,15.86036526
2014,16.17523786
2015,16.09678652
2016,15.69417781
2017,15.22605947
2018,14.54562256
2019,13.90167883
Grand Total,15.17520089
